License Plate,Make,Model,Odometer Value (Last),Fuel Type,Fuel UOM
GJ16AY8299,Unspecified,Chemical Tanker,0,Diesel,Litre
GJ16AW3899,Unspecified,Chemical Tanker,0,Diesel,Litre
GJ16AV8172,Unspecified,Chemical Tanker,0,Diesel,Litre
GJ06AV9212,Unspecified,Chemical Tanker,0,Diesel,Litre
GJ16AY1499,Unspecified,Chemical Tanker,0,Diesel,Litre
GJ16AY8799,Unspecified,Chemical Tanker,0,Diesel,Litre
RJ32GD4724,Unspecified,Chemical Tanker,0,Diesel,Litre
GJ06BT5999,Unspecified,Chemical Tanker,0,Diesel,Litre
RJ40GA1069,Unspecified,Chemical Tanker,0,Diesel,Litre
GJ06BT5199,Unspecified,Chemical Tanker,0,Diesel,Litre
GJ16AW8955,Unspecified,Chemical Tanker,0,Diesel,Litre
GJ06BT4199,Unspecified,Chemical Tanker,0,Diesel,Litre
GJ16AV8833,Unspecified,Chemical Tanker,0,Diesel,Litre
GJ06BT8099,Unspecified,Chemical Tanker,0,Diesel,Litre
GJ06AV7399,Unspecified,Chemical Tanker,0,Diesel,Litre
GJ16AV4299,Unspecified,Chemical Tanker,0,Diesel,Litre
GJ12BW2610,Unspecified,Chemical Tanker,0,Diesel,Litre
GJ16AY1699,Unspecified,Chemical Tanker,0,Diesel,Litre
GJ06BT5499,Unspecified,Chemical Tanker,0,Diesel,Litre
GJ16AV6390,Unspecified,Chemical Tanker,0,Diesel,Litre
GJ16AW3790,Unspecified,Chemical Tanker,0,Diesel,Litre
GJ16AV6183,Unspecified,Chemical Tanker,0,Diesel,Litre
GJ16AV1899,Unspecified,Chemical Tanker,0,Diesel,Litre
GJ16AW1232,Unspecified,Chemical Tanker,0,Diesel,Litre
GJ39T8037,Unspecified,Chemical Tanker,0,Diesel,Litre
GJ06AX3699,Unspecified,Chemical Tanker,0,Diesel,Litre
GJ06AZ2487,Unspecified,Chemical Tanker,0,Diesel,Litre
GJ06BT5299,Unspecified,Chemical Tanker,0,Diesel,Litre
GJ12BY5587,Unspecified,Chemical Tanker,0,Diesel,Litre
GJ12BW9567,Unspecified,Chemical Tanker,0,Diesel,Litre
GJ12BY7755,Unspecified,Chemical Tanker,0,Diesel,Litre
GJ06BT5699,Unspecified,Chemical Tanker,0,Diesel,Litre
GJ16AV8136,Unspecified,Chemical Tanker,0,Diesel,Litre
GJ16AY1199,Unspecified,Chemical Tanker,0,Diesel,Litre
GJ16AW7275,Unspecified,Chemical Tanker,0,Diesel,Litre
RJ40GA1069,Unspecified,Chemical Tanker,0,Diesel,Litre
GJ16AY1299,Unspecified,Chemical Tanker,0,Diesel,Litre
GJ16AW2799,Unspecified,Chemical Tanker,0,Diesel,Litre
GJ16AX9603,Unspecified,Chemical Tanker,0,Diesel,Litre
GJ16AV5481,Unspecified,Chemical Tanker,0,Diesel,Litre
GJ16AW8755,Unspecified,Chemical Tanker,0,Diesel,Litre
GJ06BT6588,Unspecified,Chemical Tanker,0,Diesel,Litre
GJ06BT1999,Unspecified,Chemical Tanker,0,Diesel,Litre
GJ16AY9399,Unspecified,Chemical Tanker,0,Diesel,Litre
GJ16AV7263,Unspecified,Chemical Tanker,0,Diesel,Litre
GJ06BT4799,Unspecified,Chemical Tanker,0,Diesel,Litre
MP09HH6022,Unspecified,Chemical Tanker,0,Diesel,Litre
GJ05BV6099,Unspecified,Chemical Tanker,0,Diesel,Litre
GJ06AZ2599,Unspecified,Chemical Tanker,0,Diesel,Litre
MP09HH4222,Unspecified,Chemical Tanker,0,Diesel,Litre
GJ16AV2199,Unspecified,Chemical Tanker,0,Diesel,Litre
RJ14GJ9680,Unspecified,Chemical Tanker,0,Diesel,Litre
GJ16AW6572,Unspecified,Chemical Tanker,0,Diesel,Litre
HJ06AX9603,Unspecified,Chemical Tanker,0,Diesel,Litre
RJ01GC8564,Unspecified,Chemical Tanker,0,Diesel,Litre
GJ16AY4955,Unspecified,Chemical Tanker,0,Diesel,Litre
RJ06GC3015,Unspecified,Chemical Tanker,0,Diesel,Litre
GJ12BW1975,Unspecified,Chemical Tanker,0,Diesel,Litre
GJ06AX125,Unspecified,Chemical Tanker,0,Diesel,Litre
GJ06AZ7999,Unspecified,Chemical Tanker,0,Diesel,Litre
GJ12BW4726,Unspecified,Chemical Tanker,0,Diesel,Litre
GJ16AY3799,Unspecified,Chemical Tanker,0,Diesel,Litre
GJ16AW2499,Unspecified,Chemical Tanker,0,Diesel,Litre
GJ16AW9584,Unspecified,Chemical Tanker,0,Diesel,Litre
GJ16AY7499,Unspecified,Chemical Tanker,0,Diesel,Litre
GJ12BW1948,Unspecified,Chemical Tanker,0,Diesel,Litre
GJ39T6037,Unspecified,Chemical Tanker,0,Diesel,Litre
GJ16AY9299,Unspecified,Chemical Tanker,0,Diesel,Litre
GJ12BW1952,Unspecified,Chemical Tanker,0,Diesel,Litre
GJ12BT9979,Unspecified,Chemical Tanker,0,Diesel,Litre
GJ12BW1542,Unspecified,Chemical Tanker,0,Diesel,Litre
GJ16AV6381,Unspecified,Chemical Tanker,0,Diesel,Litre
GJ06BT6597,Unspecified,Chemical Tanker,0,Diesel,Litre
GJ16AY8399,Unspecified,Chemical Tanker,0,Diesel,Litre
GJ16AW6872,Unspecified,Chemical Tanker,0,Diesel,Litre
GJ39T5037,Unspecified,Chemical Tanker,0,Diesel,Litre
GJ12CT0844,Unspecified,Chemical Tanker,0,Diesel,Litre
GJ39T7037,Unspecified,Chemical Tanker,0,Diesel,Litre
GJ16AV7254,Unspecified,Chemical Tanker,0,Diesel,Litre
RJ09GC1959,Unspecified,Chemical Tanker,0,Diesel,Litre
GJ39T6186,Unspecified,Chemical Tanker,0,Diesel,Litre
GJ16AW6672,Unspecified,Chemical Tanker,0,Diesel,Litre
GJ06BX3399,Unspecified,Chemical Tanker,0,Diesel,Litre
GJ16AV4899,Unspecified,Chemical Tanker,0,Diesel,Litre
GJ16AW8833,Unspecified,Chemical Tanker,0,Diesel,Litre
GJ16AW3499,Unspecified,Chemical Tanker,0,Diesel,Litre
GJ06BT6399,Unspecified,Chemical Tanker,0,Diesel,Litre
RJ38GA5783,Unspecified,Chemical Tanker,0,Diesel,Litre
GJ12BY2999,Unspecified,Chemical Tanker,0,Diesel,Litre
RJ04GC3074,Unspecified,Chemical Tanker,0,Diesel,Litre
RJ09GB7878,Unspecified,Chemical Tanker,0,Diesel,Litre
GJ39T6630,Unspecified,Chemical Tanker,0,Diesel,Litre
GJ16AW3999,Unspecified,Chemical Tanker,0,Diesel,Litre
GJ12CT0624,Unspecified,Chemical Tanker,0,Diesel,Litre
GJ06BV4771,Unspecified,Chemical Tanker,0,Diesel,Litre
GJ12CT9037,Unspecified,Chemical Tanker,0,Diesel,Litre
GJ16AW6472,Unspecified,Chemical Tanker,0,Diesel,Litre
GJ06AZ4699,Unspecified,Chemical Tanker,0,Diesel,Litre
GJ06BV6999,Unspecified,Chemical Tanker,0,Diesel,Litre
MP09HH6222,Unspecified,Chemical Tanker,0,Diesel,Litre
GJ06BT6264,Unspecified,Chemical Tanker,0,Diesel,Litre
GJ06AV6199,Unspecified,Chemical Tanker,0,Diesel,Litre
GJ06BT6391,Unspecified,Chemical Tanker,0,Diesel,Litre
GJ16AV5778,Unspecified,Chemical Tanker,0,Diesel,Litre
GJ16AW9199,Unspecified,Chemical Tanker,0,Diesel,Litre
GJ16AV6372,Unspecified,Chemical Tanker,0,Diesel,Litre
GJ16AY7799,Unspecified,Chemical Tanker,0,Diesel,Litre
GJ16AW8499,Unspecified,Chemical Tanker,0,Diesel,Litre
GJ06BV5440,Unspecified,Chemical Tanker,0,Diesel,Litre
GJ16AW3299,Unspecified,Chemical Tanker,0,Diesel,Litre
GJ06BT7290,Unspecified,Chemical Tanker,0,Diesel,Litre
GJ06BT4399,Unspecified,Chemical Tanker,0,Diesel,Litre
GJ16AV5781,Unspecified,Chemical Tanker,0,Diesel,Litre
GJ12CT0851,Unspecified,Chemical Tanker,0,Diesel,Litre
GJ16AV7281,Unspecified,Chemical Tanker,0,Diesel,Litre
GJ06BT6499,Unspecified,Chemical Tanker,0,Diesel,Litre
GJ39T6418,Unspecified,Chemical Tanker,0,Diesel,Litre
GJ05BV5782,Unspecified,Chemical Tanker,0,Diesel,Litre
GJ06AZ5099,Unspecified,Chemical Tanker,0,Diesel,Litre
GJ12BW1529,Unspecified,Chemical Tanker,0,Diesel,Litre
GJ06BT5445,Unspecified,Chemical Tanker,0,Diesel,Litre
GJ06AX9018,Unspecified,Chemical Tanker,0,Diesel,Litre
GJ06BT6382,Unspecified,Chemical Tanker,0,Diesel,Litre
GJ06BT6599,Unspecified,Chemical Tanker,0,Diesel,Litre
GJ06AX4599,Unspecified,Chemical Tanker,0,Diesel,Litre
GJ16AW2899,Unspecified,Chemical Tanker,0,Diesel,Litre
GJ06AZ6570,Unspecified,Chemical Tanker,0,Diesel,Litre
